<?xml version="1.0" encoding="utf-8" ?><dwsync><file name="custom.css" server="OSX_HD/Applications/XAMPP/xamppfiles/htdocs/tvr2/" local="3500720715" remote="318763443893617227" Dst="-1" /><file name="menu-gallery.css" server="OSX_HD/Applications/XAMPP/xamppfiles/htdocs/tvr2/" local="3500720057" remote="318763443893616569" Dst="-1" /><file name="lightbox.css" server="OSX_HD/Applications/XAMPP/xamppfiles/htdocs/tvr2/" local="3500249166" remote="318763443893145678" Dst="-1" /><file name="style.css" server="OSX_HD/Applications/XAMPP/xamppfiles/htdocs/tvr2/" local="3500352877" remote="318763443893249389" Dst="-1" /><file name="custom.css" server="OSX_HD/Applications/XAMPP/xamppfiles/htdocs/frencholive/" local="3505122304" remote="318763443898018816" Dst="-1" /><file name="menu-gallery.css" server="OSX_HD/Applications/XAMPP/xamppfiles/htdocs/frencholive/" local="3505131829" remote="318763443898028341" Dst="-1" /><file name="lightbox.css" server="OSX_HD/Applications/XAMPP/xamppfiles/htdocs/frencholive/" local="3504261706" remote="318763443897158218" Dst="-1" /><file name="slideshow.css" server="OSX_HD/Applications/XAMPP/xamppfiles/htdocs/frencholive/" local="3503908839" remote="318763443896805351" Dst="-1" /><file name="style.css" server="OSX_HD/Applications/XAMPP/xamppfiles/htdocs/frencholive/" local="3503114674" remote="318763443896011186" Dst="-1" /><file name="custom.css" server="jamp-me.com" local="3503205174" remote="318763443896054832" Dst="-1" /></dwsync>