<?xml version="1.0" encoding="utf-8" ?><dwsync><file name="villagearki_01_pop.jpg" server="OSX_HD/Applications/XAMPP/xamppfiles/htdocs/tvr2/" local="3498188061" remote="318763443891084573" Dst="-1" /><file name="villagearki_01_tmb.jpg" server="OSX_HD/Applications/XAMPP/xamppfiles/htdocs/tvr2/" local="3498188080" remote="318763443891084592" Dst="-1" /><file name="villagearki_02_pop.jpg" server="OSX_HD/Applications/XAMPP/xamppfiles/htdocs/tvr2/" local="3498188514" remote="318763443891085026" Dst="-1" /><file name="villagearki_02_tmb.jpg" server="OSX_HD/Applications/XAMPP/xamppfiles/htdocs/tvr2/" local="3498188527" remote="318763443891085039" Dst="-1" /><file name="villagearki_03_pop.jpg" server="OSX_HD/Applications/XAMPP/xamppfiles/htdocs/tvr2/" local="3498188663" remote="318763443891085175" Dst="-1" /><file name="villagearki_03_tmb.jpg" server="OSX_HD/Applications/XAMPP/xamppfiles/htdocs/tvr2/" local="3498188675" remote="318763443891085187" Dst="-1" /><file name="villagearki_04_pop.jpg" server="OSX_HD/Applications/XAMPP/xamppfiles/htdocs/tvr2/" local="3498188131" remote="318763443891084643" Dst="-1" /><file name="villagearki_04_tmb.jpg" server="OSX_HD/Applications/XAMPP/xamppfiles/htdocs/tvr2/" local="3498188144" remote="318763443891084656" Dst="-1" /><file name="villagearki_05_pop.jpg" server="OSX_HD/Applications/XAMPP/xamppfiles/htdocs/tvr2/" local="3498188160" remote="318763443891084672" Dst="-1" /><file name="villagearki_05_tmb.jpg" server="OSX_HD/Applications/XAMPP/xamppfiles/htdocs/tvr2/" local="3498188172" remote="318763443891084684" Dst="-1" /><file name="villagearki_06_pop.jpg" server="OSX_HD/Applications/XAMPP/xamppfiles/htdocs/tvr2/" local="3498188948" remote="318763443891085460" Dst="-1" /><file name="villagearki_06_tmb.jpg" server="OSX_HD/Applications/XAMPP/xamppfiles/htdocs/tvr2/" local="3498188960" remote="318763443891085472" Dst="-1" /><file name="villagearki_07_pop.jpg" server="OSX_HD/Applications/XAMPP/xamppfiles/htdocs/tvr2/" local="3498188842" remote="318763443891085354" Dst="-1" /><file name="villagearki_07_tmb.jpg" server="OSX_HD/Applications/XAMPP/xamppfiles/htdocs/tvr2/" local="3498188855" remote="318763443891085367" Dst="-1" /><file name="villagearki_08_pop.jpg" server="OSX_HD/Applications/XAMPP/xamppfiles/htdocs/tvr2/" local="3498187581" remote="318763443891084093" Dst="-1" /><file name="villagearki_08_tmb.jpg" server="OSX_HD/Applications/XAMPP/xamppfiles/htdocs/tvr2/" local="3498187605" remote="318763443891084117" Dst="-1" /><file name="villagearki_09_pop.jpg" server="OSX_HD/Applications/XAMPP/xamppfiles/htdocs/tvr2/" local="3498187526" remote="318763443891084038" Dst="-1" /><file name="villagearki_09_tmb.jpg" server="OSX_HD/Applications/XAMPP/xamppfiles/htdocs/tvr2/" local="3498187542" remote="318763443891084054" Dst="-1" /><file name="villagearki_10_pop.jpg" server="OSX_HD/Applications/XAMPP/xamppfiles/htdocs/tvr2/" local="3498187820" remote="318763443891084332" Dst="-1" /><file name="villagearki_10_tmb.jpg" server="OSX_HD/Applications/XAMPP/xamppfiles/htdocs/tvr2/" local="3498187836" remote="318763443891084348" Dst="-1" /><file name="villagearki_11_pop.jpg" server="OSX_HD/Applications/XAMPP/xamppfiles/htdocs/tvr2/" local="3498187624" remote="318763443891084136" Dst="-1" /><file name="villagearki_11_tmb.jpg" server="OSX_HD/Applications/XAMPP/xamppfiles/htdocs/tvr2/" local="3498187794" remote="318763443891084306" Dst="-1" /><file name="villagearki_12_pop.jpg" server="OSX_HD/Applications/XAMPP/xamppfiles/htdocs/tvr2/" local="3498187674" remote="318763443891084186" Dst="-1" /><file name="villagearki_12_tmb.jpg" server="OSX_HD/Applications/XAMPP/xamppfiles/htdocs/tvr2/" local="3498187689" remote="318763443891084201" Dst="-1" /><file name="villagearki_13_pop.jpg" server="OSX_HD/Applications/XAMPP/xamppfiles/htdocs/tvr2/" local="3498187970" remote="318763443891084482" Dst="-1" /><file name="villagearki_13_tmb.jpg" server="OSX_HD/Applications/XAMPP/xamppfiles/htdocs/tvr2/" local="3498187987" remote="318763443891084499" Dst="-1" /><file name="villagearki_14_pop.jpg" server="OSX_HD/Applications/XAMPP/xamppfiles/htdocs/tvr2/" local="3498187489" remote="318763443891084001" Dst="-1" /><file name="villagearki_14_tmb.jpg" server="OSX_HD/Applications/XAMPP/xamppfiles/htdocs/tvr2/" local="3498187512" remote="318763443891084024" Dst="-1" /><file name="villagearki_15_pop.jpg" server="OSX_HD/Applications/XAMPP/xamppfiles/htdocs/tvr2/" local="3498187894" remote="318763443891084406" Dst="-1" /><file name="villagearki_15_tmb.jpg" server="OSX_HD/Applications/XAMPP/xamppfiles/htdocs/tvr2/" local="3498187912" remote="318763443891084424" Dst="-1" /></dwsync>