<?xml version="1.0" encoding="utf-8" ?><dwsync><file name="RobotoCondensed-Bold.woff2" server="OSX_HD/Applications/XAMPP/xamppfiles/htdocs/village-resto/" local="3498161167" remote="318763443891057679" Dst="-1" /><file name="RobotoCondensed-Regular.woff2" server="OSX_HD/Applications/XAMPP/xamppfiles/htdocs/village-resto/" local="3498161166" remote="318763443891057678" Dst="-1" /><file name="Fl4y0QdOxyyTHEGMXX8kcbO3LdcAZYWl9Si6vvxL-qU.woff" server="www.jamp-me.com" local="3498219780" remote="318763443891069732" Dst="-1" /><file name="G1l_KMKj5pga7ZKths0iTXYhjbSpvc47ee6xR_80Hnw.woff" server="www.jamp-me.com" local="3498219766" remote="318763443891069732" Dst="-1" /><file name="isZ-wbCXNKAbnjo6_TwHTrO3LdcAZYWl9Si6vvxL-qU.woff" server="www.jamp-me.com" local="3498219815" remote="318763443891069732" Dst="-1" /><file name="mUdRVCMHGKUBOACHGTH1g-vvDin1pK8aKteLpeZ5c0A.woff" server="www.jamp-me.com" local="3498219794" remote="318763443891069732" Dst="-1" /><file name="RobotoCondensed-Regular.woff2" server="www.jamp-me.com" local="3498161166" remote="318763443891071112" Dst="-1" /><file name="RobotoCondensed-Bold.woff2" server="www.jamp-me.com" local="3498161167" remote="318763443891071172" Dst="-1" /></dwsync>