<?xml version="1.0" encoding="utf-8" ?><dwsync><file name="a21.png" server="OSX_HD/Applications/XAMPP/xamppfiles/htdocs/tvr2/" local="3499048412" remote="318763443891944924" Dst="-1" /><file name="close.png" server="OSX_HD/Applications/XAMPP/xamppfiles/htdocs/tvr2/" local="3498161168" remote="318763443891057680" Dst="-1" /><file name="hongkiat-lim.png" server="OSX_HD/Applications/XAMPP/xamppfiles/htdocs/tvr2/" local="3418164510" remote="318763443811061022" Dst="-1" /><file name="ios-icons.png" server="OSX_HD/Applications/XAMPP/xamppfiles/htdocs/tvr2/" local="3500233934" remote="318763443893130446" Dst="-1" /><file name="logo.png" server="OSX_HD/Applications/XAMPP/xamppfiles/htdocs/tvr2/" local="3498161169" remote="318763443891057681" Dst="-1" /><file name="menu-bg.jpg" server="OSX_HD/Applications/XAMPP/xamppfiles/htdocs/tvr2/" local="3500237633" remote="318763443893134145" Dst="-1" /><file name="menu-logo.jpg" server="OSX_HD/Applications/XAMPP/xamppfiles/htdocs/tvr2/" local="3500235996" remote="318763443893132508" Dst="-1" /><file name="nav-btn.png" server="OSX_HD/Applications/XAMPP/xamppfiles/htdocs/tvr2/" local="3500234793" remote="318763443893131305" Dst="-1" /><file name="nav-btn@2x.png" server="OSX_HD/Applications/XAMPP/xamppfiles/htdocs/tvr2/" local="3500234584" remote="318763443893131096" Dst="-1" /><file name="next.png" server="OSX_HD/Applications/XAMPP/xamppfiles/htdocs/tvr2/" local="3498161169" remote="318763443891057681" Dst="-1" /><file name="panel-lining-400.jpg" server="OSX_HD/Applications/XAMPP/xamppfiles/htdocs/tvr2/" local="3500238736" remote="318763443893135248" Dst="-1" /><file name="panel-lining-400.png" server="OSX_HD/Applications/XAMPP/xamppfiles/htdocs/tvr2/" local="3498864318" remote="318763443891760830" Dst="-1" /><file name="panel-lining.png" server="OSX_HD/Applications/XAMPP/xamppfiles/htdocs/tvr2/" local="3498161171" remote="318763443891057683" Dst="-1" /><file name="pencilman.jpg" server="OSX_HD/Applications/XAMPP/xamppfiles/htdocs/tvr2/" local="3418164510" remote="318763443811061022" Dst="-1" /><file name="preloader.gif" server="OSX_HD/Applications/XAMPP/xamppfiles/htdocs/tvr2/" local="3418164510" remote="318763443811061022" Dst="-1" /><file name="prev.png" server="OSX_HD/Applications/XAMPP/xamppfiles/htdocs/tvr2/" local="3498161170" remote="318763443891057682" Dst="-1" /><file name="tabbar-solid-bg.png" server="OSX_HD/Applications/XAMPP/xamppfiles/htdocs/tvr2/" local="3418164510" remote="318763443811061022" Dst="-1" /><file name="tabbar-solid-bg@2x.png" server="OSX_HD/Applications/XAMPP/xamppfiles/htdocs/tvr2/" local="3418164510" remote="318763443811061022" Dst="-1" /><file name="tv-logo-large.png" server="OSX_HD/Applications/XAMPP/xamppfiles/htdocs/tvr2/" local="3500236648" remote="318763443893133160" Dst="-1" /></dwsync>